serie;funcion;tiempo;serie;;;;serie;funcion;tiempo O;tiempoOpt;;;;;;;;;;;;;;
T386_20150207_2302_2341;mapMatch;00:07,1;T386_20150207_2302_2341 mapMatch;1;T386_20150207_2302_2341 mapMatch1;;T386_20150207_2302_2341;mapMatch;00:03,5;00:07,1;205%;;;;;;;;;;;;;
T386_20150207_2793_2819;mapMatch;00:05,0;T386_20150207_2793_2819 mapMatch;1;T386_20150207_2793_2819 mapMatch1;;T386_20150207_2302_2341;mapMatch;00:01,3;00:05,5;421%;;;;;;;;;;;;;
T386_20150212_1389_1466;mapMatch;00:04,9;T386_20150212_1389_1466 mapMatch;1;T386_20150212_1389_1466 mapMatch1;;T386_20150207_2302_2341;mapMatch;00:01,3;00:05,6;432%;;;;;;;;;;;;;
T386_20150212_1712_1767;mapMatch;00:05,9;T386_20150212_1712_1767 mapMatch;1;T386_20150212_1712_1767 mapMatch1;;T386_20150207_2302_2341;mapMatch;00:01,3;00:05,4;409%;;;;;;;;;;;;;
T386_20150212_2640_2693;mapMatch;00:04,7;T386_20150212_2640_2693 mapMatch;1;T386_20150212_2640_2693 mapMatch1;;T386_20150207_2302_2341;mapMatch;00:01,3;00:06,1;464%;;;;;;;;;;;;;
T916_20150207_2161_2181;mapMatch;00:04,8;T916_20150207_2161_2181 mapMatch;1;T916_20150207_2161_2181 mapMatch1;;T386_20150207_2302_2341;mapMatch;00:01,4;00:05,3;391%;;;;;;;;;;;;;
T916_20150208_2161_2196;mapMatch;00:05,0;T916_20150208_2161_2196 mapMatch;1;T916_20150208_2161_2196 mapMatch1;;T386_20150207_2302_2341;mapMatch;00:01,4;00:06,1;448%;;;;;;;;;;;;;
T916_20150208_2241_2271;mapMatch;00:04,6;T916_20150208_2241_2271 mapMatch;1;T916_20150208_2241_2271 mapMatch1;;T386_20150207_2302_2341;mapMatch;00:06,5;00:07,0;107%;;;;;;;;;;;;;
T386_20150207_2302_2341;mapMatch;00:05,5;T386_20150207_2302_2341 mapMatch;2;T386_20150207_2302_2341 mapMatch2;;T386_20150207_2302_2341;mapMatch;00:18,2;00:15,7;86%;;;;;;;;;;;;;
T386_20150207_2793_2819;mapMatch;00:12,5;T386_20150207_2793_2819 mapMatch;2;T386_20150207_2793_2819 mapMatch2;;T386_20150207_2302_2341;mapMatch;00:00,5;00:02,3;444%;;;;;;;;;;;;;
T386_20150212_1389_1466;mapMatch;00:04,7;T386_20150212_1389_1466 mapMatch;2;T386_20150212_1389_1466 mapMatch2;;T386_20150207_2302_2341;mapMatch;00:01,4;00:05,5;383%;;;;;;;;;;;;;
T386_20150212_1712_1767;mapMatch;00:13,4;T386_20150212_1712_1767 mapMatch;2;T386_20150212_1712_1767 mapMatch2;;T386_20150207_2302_2341;mapMatch;00:01,4;00:05,1;357%;;;;;;;;;;;;;
T386_20150212_2640_2693;mapMatch;00:06,1;T386_20150212_2640_2693 mapMatch;2;T386_20150212_2640_2693 mapMatch2;;T386_20150207_2302_2341;mapMatch;00:01,4;00:05,4;381%;;;;;;;;;;;;;
T916_20150207_2161_2181;mapMatch;00:04,5;T916_20150207_2161_2181 mapMatch;2;T916_20150207_2161_2181 mapMatch2;;T386_20150207_2302_2341;mapMatch;00:03,1;00:07,0;228%;;;;;;;;;;;;;
T916_20150208_2161_2196;mapMatch;00:04,8;T916_20150208_2161_2196 mapMatch;2;T916_20150208_2161_2196 mapMatch2;;T386_20150207_2302_2341;mapMatch;00:01,4;00:05,2;367%;;;;;;;;;;;;;
T916_20150208_2241_2271;mapMatch;00:10,5;T916_20150208_2241_2271 mapMatch;2;T916_20150208_2241_2271 mapMatch2;;T386_20150207_2302_2341;mapMatch;00:01,4;00:05,0;351%;;;;;;;;;;;;;
T386_20150207_2302_2341;mapMatch;00:05,6;T386_20150207_2302_2341 mapMatch;3;T386_20150207_2302_2341 mapMatch3;;T386_20150207_2302_2341;mapMatch;00:01,5;00:04,9;330%;;;;;;;;;;;;;
T386_20150207_2793_2819;mapMatch;00:19,8;T386_20150207_2793_2819 mapMatch;3;T386_20150207_2793_2819 mapMatch3;;T386_20150207_2302_2341;mapMatch;00:01,5;00:04,7;313%;;;;;;;;;;;;;
T386_20150212_1389_1466;mapMatch;00:04,7;T386_20150212_1389_1466 mapMatch;3;T386_20150212_1389_1466 mapMatch3;;T386_20150207_2302_2341;mapMatch;00:05,3;00:06,7;126%;;;;;;;;;;;;;
T386_20150212_1712_1767;mapMatch;00:00,6;T386_20150212_1712_1767 mapMatch;3;T386_20150212_1712_1767 mapMatch3;;T386_20150207_2302_2341;mapMatch;00:01,5;00:04,8;326%;;;;;;;;;;;;;
T386_20150212_2640_2693;mapMatch;00:15,2;T386_20150212_2640_2693 mapMatch;3;T386_20150212_2640_2693 mapMatch3;;T386_20150207_2302_2341;mapMatch;00:01,7;00:04,7;282%;;;;;;;;;;;;;
T916_20150207_2161_2181;mapMatch;00:04,7;T916_20150207_2161_2181 mapMatch;3;T916_20150207_2161_2181 mapMatch3;;T386_20150207_2302_2341;mapMatch;00:01,4;00:05,1;360%;;;;;;;;;;;;;
T916_20150208_2161_2196;mapMatch;00:04,8;T916_20150208_2161_2196 mapMatch;3;T916_20150208_2161_2196 mapMatch3;;T386_20150207_2302_2341;mapMatch;00:01,5;00:05,3;365%;;;;;;;;;;;;;
T916_20150208_2241_2271;mapMatch;00:16,5;T916_20150208_2241_2271 mapMatch;3;T916_20150208_2241_2271 mapMatch3;;T386_20150207_2302_2341;mapMatch;00:10,8;00:13,3;123%;;;;;;;;;;;;;
T386_20150207_2302_2341;mapMatch;00:05,4;T386_20150207_2302_2341 mapMatch;4;T386_20150207_2302_2341 mapMatch4;;T386_20150207_2302_2341;mapMatch;00:03,2;00:02,5;76%;;;;;;;;;;;;;
T386_20150207_2793_2819;mapMatch;00:00,6;T386_20150207_2793_2819 mapMatch;4;T386_20150207_2793_2819 mapMatch4;;T386_20150207_2302_2341;mapMatch;00:01,9;00:06,8;349%;;;;;;;;;;;;;
T386_20150212_1389_1466;mapMatch;00:06,6;T386_20150212_1389_1466 mapMatch;4;T386_20150212_1389_1466 mapMatch4;;T386_20150207_2302_2341;mapMatch;00:07,3;00:07,1;97%;;;;;;;;;;;;;
T386_20150212_1712_1767;mapMatch;00:06,7;T386_20150212_1712_1767 mapMatch;4;T386_20150212_1712_1767 mapMatch4;;T386_20150207_2302_2341;mapMatch;00:01,5;00:04,7;316%;;;;;;;;;;;;;
T386_20150212_2640_2693;mapMatch;00:03,4;T386_20150212_2640_2693 mapMatch;4;T386_20150212_2640_2693 mapMatch4;;T386_20150207_2302_2341;mapMatch;00:01,5;00:05,1;344%;;;;;;;;;;;;;
T916_20150207_2161_2181;mapMatch;00:20,8;T916_20150207_2161_2181 mapMatch;4;T916_20150207_2161_2181 mapMatch4;;T386_20150207_2302_2341;mapMatch;00:01,4;00:05,3;376%;;;;;;;;;;;;;
T916_20150208_2161_2196;mapMatch;00:04,7;T916_20150208_2161_2196 mapMatch;4;T916_20150208_2161_2196 mapMatch4;;T386_20150207_2302_2341;mapMatch;00:01,4;00:05,4;383%;;;;;;;;;;;;;
T916_20150208_2241_2271;mapMatch;00:02,5;T916_20150208_2241_2271 mapMatch;4;T916_20150208_2241_2271 mapMatch4;;T386_20150207_2302_2341;mapMatch;00:01,9;00:07,2;371%;;;;;;;;;;;;;
T386_20150207_2302_2341;mapMatch;00:06,1;T386_20150207_2302_2341 mapMatch;5;T386_20150207_2302_2341 mapMatch5;;T386_20150207_2302_2341;mapMatch;00:01,4;00:05,0;350%;;;;;;;;;;;;;
T386_20150207_2793_2819;mapMatch;00:00,6;T386_20150207_2793_2819 mapMatch;5;T386_20150207_2793_2819 mapMatch5;;T386_20150207_2302_2341;mapMatch;00:01,4;00:05,1;363%;;;;;;;;;;;;;
T386_20150212_1389_1466;mapMatch;00:04,9;T386_20150212_1389_1466 mapMatch;5;T386_20150212_1389_1466 mapMatch5;;T386_20150207_2302_2341;mapMatch;00:03,1;00:06,8;224%;;;;;;;;;;;;;
T386_20150212_1712_1767;mapMatch;00:05,0;T386_20150212_1712_1767 mapMatch;5;T386_20150212_1712_1767 mapMatch5;;T386_20150207_2302_2341;mapMatch;00:01,4;00:05,2;360%;;;;;;;;;;;;;
T386_20150212_2640_2693;mapMatch;00:05,2;T386_20150212_2640_2693 mapMatch;5;T386_20150212_2640_2693 mapMatch5;;T386_20150207_2302_2341;mapMatch;00:10,8;00:14,6;135%;;;;;;;;;;;;;
T916_20150207_2161_2181;mapMatch;00:03,6;T916_20150207_2161_2181 mapMatch;5;T916_20150207_2161_2181 mapMatch5;;T386_20150207_2302_2341;mapMatch;00:00,5;00:00,6;116%;;;;;;;;;;;;;
T916_20150208_2161_2196;mapMatch;00:04,7;T916_20150208_2161_2196 mapMatch;5;T916_20150208_2161_2196 mapMatch5;;T386_20150207_2302_2341;mapMatch;00:10,4;00:05,5;53%;;;;;;;;;;;;;
T916_20150208_2241_2271;mapMatch;00:02,3;T916_20150208_2241_2271 mapMatch;5;T916_20150208_2241_2271 mapMatch5;;T386_20150207_2793_2819;mapMatch;00:02,5;00:05,0;197%;;;;;;;;;;;;;
T386_20150207_2302_2341;mapMatch;00:05,3;T386_20150207_2302_2341 mapMatch;6;T386_20150207_2302_2341 mapMatch6;;T386_20150207_2793_2819;mapMatch;00:09,1;00:12,5;137%;;;;;;;;;;;;;
T386_20150207_2793_2819;mapMatch;00:06,6;T386_20150207_2793_2819 mapMatch;6;T386_20150207_2793_2819 mapMatch6;;T386_20150207_2793_2819;mapMatch;00:25,3;00:19,8;78%;;;;;;;;;;;;;
T386_20150212_1389_1466;mapMatch;00:07,0;T386_20150212_1389_1466 mapMatch;6;T386_20150212_1389_1466 mapMatch6;;T386_20150207_2793_2819;mapMatch;00:00,6;00:00,6;101%;;;;;;;;;;;;;
T386_20150212_1712_1767;mapMatch;00:06,3;T386_20150212_1712_1767 mapMatch;6;T386_20150212_1712_1767 mapMatch6;;T386_20150207_2793_2819;mapMatch;00:00,6;00:00,6;108%;;;;;;;;;;;;;
T386_20150212_2640_2693;mapMatch;00:07,6;T386_20150212_2640_2693 mapMatch;6;T386_20150212_2640_2693 mapMatch6;;T386_20150207_2793_2819;mapMatch;00:09,8;00:06,6;68%;;;;;;;;;;;;;
T916_20150207_2161_2181;mapMatch;00:00,6;T916_20150207_2161_2181 mapMatch;6;T916_20150207_2161_2181 mapMatch6;;T386_20150207_2793_2819;mapMatch;00:09,4;00:07,2;76%;;;;;;;;;;;;;
T916_20150208_2161_2196;mapMatch;00:13,7;T916_20150208_2161_2196 mapMatch;6;T916_20150208_2161_2196 mapMatch6;;T386_20150207_2793_2819;mapMatch;00:03,5;00:13,8;390%;;;;;;;;;;;;;
T916_20150208_2241_2271;mapMatch;00:05,4;T916_20150208_2241_2271 mapMatch;6;T916_20150208_2241_2271 mapMatch6;;T386_20150207_2793_2819;mapMatch;00:01,4;00:02,4;173%;;;;;;;;;;;;;
T386_20150207_2302_2341;mapMatch;00:06,1;T386_20150207_2302_2341 mapMatch;7;T386_20150207_2302_2341 mapMatch7;;T386_20150207_2793_2819;mapMatch;00:33,7;00:22,2;66%;;;;;;;;;;;;;
T386_20150207_2793_2819;mapMatch;00:07,2;T386_20150207_2793_2819 mapMatch;7;T386_20150207_2793_2819 mapMatch7;;T386_20150207_2793_2819;mapMatch;00:08,1;00:04,4;54%;;;;;;;;;;;;;
T386_20150212_1389_1466;mapMatch;00:08,4;T386_20150212_1389_1466 mapMatch;7;T386_20150212_1389_1466 mapMatch7;;T386_20150207_2793_2819;mapMatch;00:07,0;00:09,4;134%;;;;;;;;;;;;;
T386_20150212_1712_1767;mapMatch;00:14,6;T386_20150212_1712_1767 mapMatch;7;T386_20150212_1712_1767 mapMatch7;;T386_20150207_2793_2819;mapMatch;00:00,6;00:00,6;105%;;;;;;;;;;;;;
T386_20150212_2640_2693;mapMatch;00:04,6;T386_20150212_2640_2693 mapMatch;7;T386_20150212_2640_2693 mapMatch7;;T386_20150207_2793_2819;mapMatch;00:01,5;00:05,0;334%;;;;;;;;;;;;;
T916_20150207_2161_2181;mapMatch;00:14,8;T916_20150207_2161_2181 mapMatch;7;T916_20150207_2161_2181 mapMatch7;;T386_20150207_2793_2819;mapMatch;00:01,5;00:05,2;351%;;;;;;;;;;;;;
T916_20150208_2161_2196;mapMatch;00:01,0;T916_20150208_2161_2196 mapMatch;7;T916_20150208_2161_2196 mapMatch7;;T386_20150207_2793_2819;mapMatch;00:01,5;00:05,3;353%;;;;;;;;;;;;;
T916_20150208_2241_2271;mapMatch;00:05,5;T916_20150208_2241_2271 mapMatch;7;T916_20150208_2241_2271 mapMatch7;;T386_20150207_2793_2819;mapMatch;00:10,4;00:17,0;163%;;;;;;;;;;;;;
T386_20150207_2302_2341;mapMatch;00:07,0;T386_20150207_2302_2341 mapMatch;8;T386_20150207_2302_2341 mapMatch8;;T386_20150207_2793_2819;mapMatch;00:08,2;00:08,8;108%;;;;;;;;;;;;;
T386_20150207_2793_2819;mapMatch;00:13,8;T386_20150207_2793_2819 mapMatch;8;T386_20150207_2793_2819 mapMatch8;;T386_20150207_2793_2819;mapMatch;00:00,7;00:00,6;83%;;;;;;;;;;;;;
T386_20150212_1389_1466;mapMatch;00:04,6;T386_20150212_1389_1466 mapMatch;8;T386_20150212_1389_1466 mapMatch8;;T386_20150207_2793_2819;mapMatch;00:09,5;00:12,2;129%;;;;;;;;;;;;;
T386_20150212_1712_1767;mapMatch;00:03,5;T386_20150212_1712_1767 mapMatch;8;T386_20150212_1712_1767 mapMatch8;;T386_20150207_2793_2819;mapMatch;00:12,8;00:09,7;75%;;;;;;;;;;;;;
T386_20150212_2640_2693;mapMatch;00:12,1;T386_20150212_2640_2693 mapMatch;8;T386_20150212_2640_2693 mapMatch8;;T386_20150207_2793_2819;mapMatch;00:00,5;00:00,6;104%;;;;;;;;;;;;;
T916_20150207_2161_2181;mapMatch;00:20,1;T916_20150207_2161_2181 mapMatch;8;T916_20150207_2161_2181 mapMatch8;;T386_20150207_2793_2819;mapMatch;00:01,4;00:04,8;339%;;;;;;;;;;;;;
T916_20150208_2161_2196;mapMatch;00:13,2;T916_20150208_2161_2196 mapMatch;8;T916_20150208_2161_2196 mapMatch8;;T386_20150207_2793_2819;mapMatch;00:01,5;00:04,8;325%;;;;;;;;;;;;;
T916_20150208_2241_2271;mapMatch;00:07,3;T916_20150208_2241_2271 mapMatch;8;T916_20150208_2241_2271 mapMatch8;;T386_20150207_2793_2819;mapMatch;00:01,4;00:05,0;347%;;;;;;;;;;;;;
T386_20150207_2302_2341;mapMatch;00:15,7;T386_20150207_2302_2341 mapMatch;9;T386_20150207_2302_2341 mapMatch9;;T386_20150207_2793_2819;mapMatch;00:01,4;00:04,9;350%;;;;;;;;;;;;;
T386_20150207_2793_2819;mapMatch;00:02,4;T386_20150207_2793_2819 mapMatch;9;T386_20150207_2793_2819 mapMatch9;;T386_20150212_1389_1466;mapMatch;00:01,4;00:04,9;343%;;;;;;;;;;;;;
T386_20150212_1389_1466;mapMatch;00:05,0;T386_20150212_1389_1466 mapMatch;9;T386_20150212_1389_1466 mapMatch9;;T386_20150212_1389_1466;mapMatch;00:01,4;00:04,7;330%;;;;;;;;;;;;;
T386_20150212_1712_1767;mapMatch;00:04,6;T386_20150212_1712_1767 mapMatch;9;T386_20150212_1712_1767 mapMatch9;;T386_20150212_1389_1466;mapMatch;00:01,4;00:04,7;325%;;;;;;;;;;;;;
T386_20150212_2640_2693;mapMatch;00:02,3;T386_20150212_2640_2693 mapMatch;9;T386_20150212_2640_2693 mapMatch9;;T386_20150212_1389_1466;mapMatch;00:09,5;00:06,6;69%;;;;;;;;;;;;;
T916_20150207_2161_2181;mapMatch;00:11,2;T916_20150207_2161_2181 mapMatch;9;T916_20150207_2161_2181 mapMatch9;;T386_20150212_1389_1466;mapMatch;00:01,4;00:04,9;344%;;;;;;;;;;;;;
T916_20150208_2161_2196;mapMatch;00:02,4;T916_20150208_2161_2196 mapMatch;9;T916_20150208_2161_2196 mapMatch9;;T386_20150212_1389_1466;mapMatch;00:03,6;00:07,0;196%;;;;;;;;;;;;;
T916_20150208_2241_2271;mapMatch;00:18,8;T916_20150208_2241_2271 mapMatch;9;T916_20150208_2241_2271 mapMatch9;;T386_20150212_1389_1466;mapMatch;00:04,6;00:08,4;182%;;;;;;;;;;;;;
T386_20150207_2302_2341;mapMatch;00:02,3;T386_20150207_2302_2341 mapMatch;10;T386_20150207_2302_2341 mapMatch10;;T386_20150212_1389_1466;mapMatch;00:01,4;00:04,6;328%;;;;;;;;;;;;;
T386_20150207_2793_2819;mapMatch;00:22,2;T386_20150207_2793_2819 mapMatch;10;T386_20150207_2793_2819 mapMatch10;;T386_20150212_1389_1466;mapMatch;00:01,4;00:05,0;354%;;;;;;;;;;;;;
T386_20150212_1389_1466;mapMatch;00:04,7;T386_20150212_1389_1466 mapMatch;10;T386_20150212_1389_1466 mapMatch10;;T386_20150212_1389_1466;mapMatch;00:01,4;00:04,7;336%;;;;;;;;;;;;;
T386_20150212_1712_1767;mapMatch;00:20,1;T386_20150212_1712_1767 mapMatch;10;T386_20150212_1712_1767 mapMatch10;;T386_20150212_1389_1466;mapMatch;00:01,4;00:04,7;333%;;;;;;;;;;;;;
T386_20150212_2640_2693;mapMatch;00:04,7;T386_20150212_2640_2693 mapMatch;10;T386_20150212_2640_2693 mapMatch10;;T386_20150212_1389_1466;mapMatch;00:01,4;00:04,9;348%;;;;;;;;;;;;;
T916_20150207_2161_2181;mapMatch;00:04,1;T916_20150207_2161_2181 mapMatch;10;T916_20150207_2161_2181 mapMatch10;;T386_20150212_1389_1466;mapMatch;00:01,4;00:04,8;343%;;;;;;;;;;;;;
T916_20150208_2161_2196;mapMatch;00:05,3;T916_20150208_2161_2196 mapMatch;10;T916_20150208_2161_2196 mapMatch10;;T386_20150212_1389_1466;mapMatch;00:01,4;00:04,6;324%;;;;;;;;;;;;;
T916_20150208_2241_2271;mapMatch;00:02,5;T916_20150208_2241_2271 mapMatch;10;T916_20150208_2241_2271 mapMatch10;;T386_20150212_1389_1466;mapMatch;00:01,5;00:04,8;315%;;;;;;;;;;;;;
T386_20150207_2302_2341;mapMatch;00:05,5;T386_20150207_2302_2341 mapMatch;11;T386_20150207_2302_2341 mapMatch11;;T386_20150212_1389_1466;mapMatch;00:01,4;00:04,7;339%;;;;;;;;;;;;;
T386_20150207_2793_2819;mapMatch;00:04,4;T386_20150207_2793_2819 mapMatch;11;T386_20150207_2793_2819 mapMatch11;;T386_20150212_1389_1466;mapMatch;00:01,4;00:04,9;353%;;;;;;;;;;;;;
T386_20150212_1389_1466;mapMatch;00:04,7;T386_20150212_1389_1466 mapMatch;11;T386_20150212_1389_1466 mapMatch11;;T386_20150212_1389_1466;mapMatch;00:01,4;00:04,9;355%;;;;;;;;;;;;;
T386_20150212_1712_1767;mapMatch;00:04,0;T386_20150212_1712_1767 mapMatch;11;T386_20150212_1712_1767 mapMatch11;;T386_20150212_1389_1466;mapMatch;00:01,4;00:04,7;331%;;;;;;;;;;;;;
T386_20150212_2640_2693;mapMatch;00:13,5;T386_20150212_2640_2693 mapMatch;11;T386_20150212_2640_2693 mapMatch11;;T386_20150212_1389_1466;mapMatch;00:03,2;00:08,2;258%;;;;;;;;;;;;;
T916_20150207_2161_2181;mapMatch;00:25,7;T916_20150207_2161_2181 mapMatch;11;T916_20150207_2161_2181 mapMatch11;;T386_20150212_1389_1466;mapMatch;00:03,2;00:06,6;204%;;;;;;;;;;;;;
T916_20150208_2161_2196;mapMatch;00:06,0;T916_20150208_2161_2196 mapMatch;11;T916_20150208_2161_2196 mapMatch11;;T386_20150212_1389_1466;mapMatch;00:04,9;00:07,9;162%;;;;;;;;;;;;;
T916_20150208_2241_2271;mapMatch;00:05,0;T916_20150208_2241_2271 mapMatch;11;T916_20150208_2241_2271 mapMatch11;;T386_20150212_1389_1466;mapMatch;00:06,9;00:08,1;117%;;;;;;;;;;;;;
T386_20150207_2302_2341;mapMatch;00:05,1;T386_20150207_2302_2341 mapMatch;12;T386_20150207_2302_2341 mapMatch12;;T386_20150212_1389_1466;mapMatch;00:01,5;00:05,1;350%;;;;;;;;;;;;;
T386_20150207_2793_2819;mapMatch;00:09,4;T386_20150207_2793_2819 mapMatch;12;T386_20150207_2793_2819 mapMatch12;;T386_20150212_1389_1466;mapMatch;00:01,4;00:04,7;334%;;;;;;;;;;;;;
T386_20150212_1389_1466;mapMatch;00:04,9;T386_20150212_1389_1466 mapMatch;12;T386_20150212_1389_1466 mapMatch12;;T386_20150212_1389_1466;mapMatch;00:01,4;00:05,3;365%;;;;;;;;;;;;;
T386_20150212_1712_1767;mapMatch;00:04,0;T386_20150212_1712_1767 mapMatch;12;T386_20150212_1712_1767 mapMatch12;;T386_20150212_1389_1466;mapMatch;00:01,4;00:04,6;321%;;;;;;;;;;;;;
T386_20150212_2640_2693;mapMatch;00:02,4;T386_20150212_2640_2693 mapMatch;12;T386_20150212_2640_2693 mapMatch12;;T386_20150212_1389_1466;mapMatch;00:01,5;00:04,8;311%;;;;;;;;;;;;;
T916_20150207_2161_2181;mapMatch;00:20,3;T916_20150207_2161_2181 mapMatch;12;T916_20150207_2161_2181 mapMatch12;;T386_20150212_1389_1466;mapMatch;00:01,5;00:05,2;354%;;;;;;;;;;;;;
T916_20150208_2161_2196;mapMatch;00:08,2;T916_20150208_2161_2196 mapMatch;12;T916_20150208_2161_2196 mapMatch12;;T386_20150212_1389_1466;mapMatch;00:07,0;00:15,4;221%;;;;;;;;;;;;;
T916_20150208_2241_2271;mapMatch;00:06,9;T916_20150208_2241_2271 mapMatch;12;T916_20150208_2241_2271 mapMatch12;;T386_20150212_1389_1466;mapMatch;00:04,5;00:12,5;277%;;;;;;;;;;;;;
T386_20150207_2302_2341;mapMatch;00:05,4;T386_20150207_2302_2341 mapMatch;13;T386_20150207_2302_2341 mapMatch13;;T386_20150212_1389_1466;mapMatch;00:04,5;00:16,1;356%;;;;;;;;;;;;;
T386_20150207_2793_2819;mapMatch;00:00,6;T386_20150207_2793_2819 mapMatch;13;T386_20150207_2793_2819 mapMatch13;;T386_20150212_1389_1466;mapMatch;00:00,5;00:00,7;124%;;;;;;;;;;;;;
T386_20150212_1389_1466;mapMatch;00:04,8;T386_20150212_1389_1466 mapMatch;13;T386_20150212_1389_1466 mapMatch13;;T386_20150212_1389_1466;mapMatch;00:00,5;00:00,7;123%;;;;;;;;;;;;;
T386_20150212_1712_1767;mapMatch;00:23,9;T386_20150212_1712_1767 mapMatch;13;T386_20150212_1712_1767 mapMatch13;;T386_20150212_1389_1466;mapMatch;00:09,8;00:13,6;140%;;;;;;;;;;;;;
T386_20150212_2640_2693;mapMatch;00:14,4;T386_20150212_2640_2693 mapMatch;13;T386_20150212_2640_2693 mapMatch13;;T386_20150212_1389_1466;mapMatch;00:13,5;00:15,9;118%;;;;;;;;;;;;;
T916_20150207_2161_2181;mapMatch;00:00,6;T916_20150207_2161_2181 mapMatch;13;T916_20150207_2161_2181 mapMatch13;;T386_20150212_1389_1466;mapMatch;00:00,7;00:00,6;90%;;;;;;;;;;;;;
T916_20150208_2161_2196;mapMatch;00:04,8;T916_20150208_2161_2196 mapMatch;13;T916_20150208_2161_2196 mapMatch13;;T386_20150212_1389_1466;mapMatch;00:06,4;00:03,4;54%;;;;;;;;;;;;;
T916_20150208_2241_2271;mapMatch;00:05,6;T916_20150208_2241_2271 mapMatch;13;T916_20150208_2241_2271 mapMatch13;;T386_20150212_1389_1466;mapMatch;00:02,1;00:13,2;642%;;;;;;;;;;;;;
T386_20150207_2302_2341;mapMatch;00:07,0;T386_20150207_2302_2341 mapMatch;14;T386_20150207_2302_2341 mapMatch14;;T386_20150212_1389_1466;mapMatch;00:02,1;00:11,9;565%;;;;;;;;;;;;;
T386_20150207_2793_2819;mapMatch;00:05,0;T386_20150207_2793_2819 mapMatch;14;T386_20150207_2793_2819 mapMatch14;;T386_20150212_1389_1466;mapMatch;00:01,5;00:09,1;599%;;;;;;;;;;;;;
T386_20150212_1389_1466;mapMatch;00:04,6;T386_20150212_1389_1466 mapMatch;14;T386_20150212_1389_1466 mapMatch14;;T386_20150212_1389_1466;mapMatch;00:28,3;00:14,5;51%;;;;;;;;;;;;;
T386_20150212_1712_1767;mapMatch;00:06,3;T386_20150212_1712_1767 mapMatch;14;T386_20150212_1712_1767 mapMatch14;;T386_20150212_1389_1466;mapMatch;00:20,4;00:12,2;60%;;;;;;;;;;;;;
T386_20150212_2640_2693;mapMatch;00:00,6;T386_20150212_2640_2693 mapMatch;14;T386_20150212_2640_2693 mapMatch14;;T386_20150212_1389_1466;mapMatch;00:11,6;00:06,8;59%;;;;;;;;;;;;;
T916_20150207_2161_2181;mapMatch;00:00,6;T916_20150207_2161_2181 mapMatch;14;T916_20150207_2161_2181 mapMatch14;;T386_20150212_1389_1466;mapMatch;00:05,4;00:03,6;66%;;;;;;;;;;;;;
T916_20150208_2161_2196;mapMatch;00:04,6;T916_20150208_2161_2196 mapMatch;14;T916_20150208_2161_2196 mapMatch14;;T386_20150212_1389_1466;mapMatch;00:21,3;00:15,8;74%;;;;;;;;;;;;;
T916_20150208_2241_2271;mapMatch;00:05,4;T916_20150208_2241_2271 mapMatch;14;T916_20150208_2241_2271 mapMatch14;;T386_20150212_1389_1466;mapMatch;00:00,5;00:00,6;112%;;;;;;;;;;;;;
T386_20150207_2302_2341;mapMatch;00:05,2;T386_20150207_2302_2341 mapMatch;15;T386_20150207_2302_2341 mapMatch15;;T386_20150212_1389_1466;mapMatch;00:20,4;00:15,9;78%;;;;;;;;;;;;;
T386_20150207_2793_2819;mapMatch;00:05,2;T386_20150207_2793_2819 mapMatch;15;T386_20150207_2793_2819 mapMatch15;;T386_20150212_1389_1466;mapMatch;00:00,5;00:00,7;134%;;;;;;;;;;;;;
T386_20150212_1389_1466;mapMatch;00:04,8;T386_20150212_1389_1466 mapMatch;15;T386_20150212_1389_1466 mapMatch15;;T386_20150212_1389_1466;mapMatch;00:17,4;00:23,3;134%;;;;;;;;;;;;;
T386_20150212_1712_1767;mapMatch;00:17,7;T386_20150212_1712_1767 mapMatch;15;T386_20150212_1712_1767 mapMatch15;;T386_20150212_1389_1466;mapMatch;00:02,2;00:02,3;106%;;;;;;;;;;;;;
T386_20150212_2640_2693;mapMatch;00:05,9;T386_20150212_2640_2693 mapMatch;15;T386_20150212_2640_2693 mapMatch15;;T386_20150212_1389_1466;mapMatch;00:07,9;00:09,9;126%;;;;;;;;;;;;;
T916_20150207_2161_2181;mapMatch;00:09,8;T916_20150207_2161_2181 mapMatch;15;T916_20150207_2161_2181 mapMatch15;;T386_20150212_1389_1466;mapMatch;00:00,5;00:00,6;105%;;;;;;;;;;;;;
T916_20150208_2161_2196;mapMatch;00:04,9;T916_20150208_2161_2196 mapMatch;15;T916_20150208_2161_2196 mapMatch15;;T386_20150212_1389_1466;mapMatch;00:01,6;00:05,1;311%;;;;;;;;;;;;;
T916_20150208_2241_2271;mapMatch;00:05,0;T916_20150208_2241_2271 mapMatch;15;T916_20150208_2241_2271 mapMatch15;;T386_20150212_1389_1466;mapMatch;00:01,5;00:04,9;333%;;;;;;;;;;;;;
T386_20150207_2302_2341;mapMatch;00:05,0;T386_20150207_2302_2341 mapMatch;16;T386_20150207_2302_2341 mapMatch16;;T386_20150212_1389_1466;mapMatch;00:01,4;00:04,8;344%;;;;;;;;;;;;;
T386_20150207_2793_2819;mapMatch;00:05,3;T386_20150207_2793_2819 mapMatch;16;T386_20150207_2793_2819 mapMatch16;;T386_20150212_1389_1466;mapMatch;00:01,4;00:04,8;341%;;;;;;;;;;;;;
T386_20150212_1389_1466;mapMatch;00:04,7;T386_20150212_1389_1466 mapMatch;16;T386_20150212_1389_1466 mapMatch16;;T386_20150212_1389_1466;mapMatch;00:19,4;00:15,8;82%;;;;;;;;;;;;;
T386_20150212_1712_1767;mapMatch;00:21,5;T386_20150212_1712_1767 mapMatch;16;T386_20150212_1712_1767 mapMatch16;;T386_20150212_1389_1466;mapMatch;00:00,5;00:00,6;108%;;;;;;;;;;;;;
T386_20150212_2640_2693;mapMatch;00:05,8;T386_20150212_2640_2693 mapMatch;16;T386_20150212_2640_2693 mapMatch16;;T386_20150212_1389_1466;mapMatch;00:30,5;00:28,8;95%;;;;;;;;;;;;;
T916_20150207_2161_2181;mapMatch;00:05,1;T916_20150207_2161_2181 mapMatch;16;T916_20150207_2161_2181 mapMatch16;;T386_20150212_1389_1466;mapMatch;00:01,0;00:18,4;1767%;;;;;;;;;;;;;
T916_20150208_2161_2196;mapMatch;00:04,8;T916_20150208_2161_2196 mapMatch;16;T916_20150208_2161_2196 mapMatch16;;T386_20150212_1389_1466;mapMatch;00:00,5;00:01,2;232%;;;;;;;;;;;;;
T916_20150208_2241_2271;mapMatch;00:05,2;T916_20150208_2241_2271 mapMatch;16;T916_20150208_2241_2271 mapMatch16;;T386_20150212_1389_1466;mapMatch;00:02,5;00:00,6;24%;;;;;;;;;;;;;
T386_20150207_2302_2341;mapMatch;00:04,9;T386_20150207_2302_2341 mapMatch;17;T386_20150207_2302_2341 mapMatch17;;T386_20150212_1389_1466;mapMatch;00:01,4;00:04,6;327%;;;;;;;;;;;;;
T386_20150207_2793_2819;mapMatch;00:17,0;T386_20150207_2793_2819 mapMatch;17;T386_20150207_2793_2819 mapMatch17;;T386_20150212_1389_1466;mapMatch;00:01,4;00:04,7;333%;;;;;;;;;;;;;
T386_20150212_1389_1466;mapMatch;00:04,9;T386_20150212_1389_1466 mapMatch;17;T386_20150212_1389_1466 mapMatch17;;T386_20150212_1389_1466;mapMatch;00:01,4;00:04,9;344%;;;;;;;;;;;;;
T386_20150212_1712_1767;mapMatch;00:14,1;T386_20150212_1712_1767 mapMatch;17;T386_20150212_1712_1767 mapMatch17;;T386_20150212_1389_1466;mapMatch;00:01,4;00:04,6;324%;;;;;;;;;;;;;
T386_20150212_2640_2693;mapMatch;00:05,6;T386_20150212_2640_2693 mapMatch;17;T386_20150212_2640_2693 mapMatch17;;T386_20150212_1389_1466;mapMatch;00:01,4;00:05,3;378%;;;;;;;;;;;;;
T916_20150207_2161_2181;mapMatch;00:07,4;T916_20150207_2161_2181 mapMatch;17;T916_20150207_2161_2181 mapMatch17;;T386_20150212_1389_1466;mapMatch;00:01,4;00:04,9;337%;;;;;;;;;;;;;
T916_20150208_2161_2196;mapMatch;00:04,8;T916_20150208_2161_2196 mapMatch;17;T916_20150208_2161_2196 mapMatch17;;T386_20150212_1389_1466;mapMatch;00:01,4;00:05,1;364%;;;;;;;;;;;;;
T916_20150208_2241_2271;mapMatch;00:05,4;T916_20150208_2241_2271 mapMatch;17;T916_20150208_2241_2271 mapMatch17;;T386_20150212_1389_1466;mapMatch;00:01,4;00:05,2;365%;;;;;;;;;;;;;
T386_20150207_2302_2341;mapMatch;00:04,7;T386_20150207_2302_2341 mapMatch;18;T386_20150207_2302_2341 mapMatch18;;T386_20150212_1389_1466;mapMatch;00:09,7;00:13,0;134%;;;;;;;;;;;;;
T386_20150207_2793_2819;mapMatch;00:08,8;T386_20150207_2793_2819 mapMatch;18;T386_20150207_2793_2819 mapMatch18;;T386_20150212_1389_1466;mapMatch;00:01,0;00:10,8;1036%;;;;;;;;;;;;;
T386_20150212_1389_1466;mapMatch;00:04,9;T386_20150212_1389_1466 mapMatch;18;T386_20150212_1389_1466 mapMatch18;;T386_20150212_1389_1466;mapMatch;00:01,4;00:00,6;43%;;;;;;;;;;;;;
T386_20150212_1712_1767;mapMatch;00:18,9;T386_20150212_1712_1767 mapMatch;18;T386_20150212_1712_1767 mapMatch18;;T386_20150212_1389_1466;mapMatch;00:01,4;00:05,5;389%;;;;;;;;;;;;;
T386_20150212_2640_2693;mapMatch;00:15,6;T386_20150212_2640_2693 mapMatch;18;T386_20150212_2640_2693 mapMatch18;;T386_20150212_1389_1466;mapMatch;00:01,4;00:05,5;392%;;;;;;;;;;;;;
T916_20150207_2161_2181;mapMatch;00:13,6;T916_20150207_2161_2181 mapMatch;18;T916_20150207_2161_2181 mapMatch18;;T386_20150212_1389_1466;mapMatch;00:01,4;00:05,5;391%;;;;;;;;;;;;;
T916_20150208_2161_2196;mapMatch;00:04,6;T916_20150208_2161_2196 mapMatch;18;T916_20150208_2161_2196 mapMatch18;;T386_20150212_1712_1767;mapMatch;00:01,4;00:05,9;412%;;;;;;;;;;;;;
T916_20150208_2241_2271;mapMatch;00:07,9;T916_20150208_2241_2271 mapMatch;18;T916_20150208_2241_2271 mapMatch18;;T386_20150212_1712_1767;mapMatch;00:05,0;00:13,4;270%;;;;;;;;;;;;;
T386_20150207_2302_2341;mapMatch;00:06,7;T386_20150207_2302_2341 mapMatch;19;T386_20150207_2302_2341 mapMatch19;;T386_20150212_1712_1767;mapMatch;00:00,6;00:00,6;112%;;;;;;;;;;;;;
T386_20150207_2793_2819;mapMatch;00:00,6;T386_20150207_2793_2819 mapMatch;19;T386_20150207_2793_2819 mapMatch19;;T386_20150212_1712_1767;mapMatch;00:05,0;00:06,7;135%;;;;;;;;;;;;;
T386_20150212_1389_1466;mapMatch;00:04,7;T386_20150212_1389_1466 mapMatch;19;T386_20150212_1389_1466 mapMatch19;;T386_20150212_1712_1767;mapMatch;00:01,5;00:05,0;328%;;;;;;;;;;;;;
T386_20150212_1712_1767;mapMatch;00:00,6;T386_20150212_1712_1767 mapMatch;19;T386_20150212_1712_1767 mapMatch19;;T386_20150212_1712_1767;mapMatch;00:03,1;00:06,3;203%;;;;;;;;;;;;;
T386_20150212_2640_2693;mapMatch;00:00,9;T386_20150212_2640_2693 mapMatch;19;T386_20150212_2640_2693 mapMatch19;;T386_20150212_1712_1767;mapMatch;00:10,8;00:14,6;135%;;;;;;;;;;;;;
T916_20150207_2161_2181;mapMatch;00:00,6;T916_20150207_2161_2181 mapMatch;19;T916_20150207_2161_2181 mapMatch19;;T386_20150212_1712_1767;mapMatch;00:09,3;00:03,5;37%;;;;;;;;;;;;;
T916_20150208_2161_2196;mapMatch;00:07,8;T916_20150208_2161_2196 mapMatch;19;T916_20150208_2161_2196 mapMatch19;;T386_20150212_1712_1767;mapMatch;00:01,4;00:04,6;322%;;;;;;;;;;;;;
T916_20150208_2241_2271;mapMatch;00:05,0;T916_20150208_2241_2271 mapMatch;19;T916_20150208_2241_2271 mapMatch19;;T386_20150212_1712_1767;mapMatch;0:00:28;00:20,1;72%;;;;;;;;;;;;;
T386_20150207_2302_2341;mapMatch;00:04,8;T386_20150207_2302_2341 mapMatch;20;T386_20150207_2302_2341 mapMatch20;;T386_20150212_1712_1767;mapMatch;00:04,1;00:04,0;98%;;;;;;;;;;;;;
T386_20150207_2793_2819;mapMatch;00:12,2;T386_20150207_2793_2819 mapMatch;20;T386_20150207_2793_2819 mapMatch20;;T386_20150212_1712_1767;mapMatch;00:05,6;00:04,0;71%;;;;;;;;;;;;;
T386_20150212_1389_1466;mapMatch;00:08,2;T386_20150212_1389_1466 mapMatch;20;T386_20150212_1389_1466 mapMatch20;;T386_20150212_1712_1767;mapMatch;00:07,8;00:23,9;308%;;;;;;;;;;;;;
T386_20150212_1712_1767;mapMatch;00:00,6;T386_20150212_1712_1767 mapMatch;20;T386_20150212_1712_1767 mapMatch20;;T386_20150212_1712_1767;mapMatch;00:10,4;00:06,3;60%;;;;;;;;;;;;;
T386_20150212_2640_2693;mapMatch;00:05,1;T386_20150212_2640_2693 mapMatch;20;T386_20150212_2640_2693 mapMatch20;;T386_20150212_1712_1767;mapMatch;00:26,8;00:17,7;66%;;;;;;;;;;;;;
T916_20150207_2161_2181;mapMatch;00:04,7;T916_20150207_2161_2181 mapMatch;20;T916_20150207_2161_2181 mapMatch20;;T386_20150212_1712_1767;mapMatch;00:28,8;00:21,5;75%;;;;;;;;;;;;;
T916_20150208_2161_2196;mapMatch;00:05,4;T916_20150208_2161_2196 mapMatch;20;T916_20150208_2161_2196 mapMatch20;;T386_20150212_1712_1767;mapMatch;00:29,0;00:14,1;49%;;;;;;;;;;;;;
T916_20150208_2241_2271;mapMatch;00:04,8;T916_20150208_2241_2271 mapMatch;20;T916_20150208_2241_2271 mapMatch20;;T386_20150212_1712_1767;mapMatch;00:28,3;00:18,9;67%;;;;;;;;;;;;;
T386_20150207_2302_2341;mapMatch;00:04,7;T386_20150207_2302_2341 mapMatch;21;T386_20150207_2302_2341 mapMatch21;;T386_20150212_1712_1767;mapMatch;00:00,5;00:00,6;109%;;;;;;;;;;;;;
T386_20150207_2793_2819;mapMatch;00:09,7;T386_20150207_2793_2819 mapMatch;21;T386_20150207_2793_2819 mapMatch21;;T386_20150212_1712_1767;mapMatch;00:00,5;00:00,6;107%;;;;;;;;;;;;;
T386_20150212_1389_1466;mapMatch;00:06,6;T386_20150212_1389_1466 mapMatch;21;T386_20150212_1389_1466 mapMatch21;;T386_20150212_1712_1767;mapMatch;00:08,1;00:25,6;316%;;;;;;;;;;;;;
T386_20150212_1712_1767;mapMatch;00:25,6;T386_20150212_1712_1767 mapMatch;21;T386_20150212_1712_1767 mapMatch21;;T386_20150212_1712_1767;mapMatch;00:01,5;00:19,3;1329%;;;;;;;;;;;;;
T386_20150212_2640_2693;mapMatch;00:06,8;T386_20150212_2640_2693 mapMatch;21;T386_20150212_2640_2693 mapMatch21;;T386_20150212_1712_1767;mapMatch;00:01,4;00:01,1;78%;;;;;;;;;;;;;
T916_20150208_2161_2196;mapMatch;00:05,3;T916_20150208_2161_2196 mapMatch;21;T916_20150208_2161_2196 mapMatch21;;T386_20150212_1712_1767;mapMatch;00:05,1;00:04,8;94%;;;;;;;;;;;;;
T916_20150208_2241_2271;mapMatch;00:05,3;T916_20150208_2241_2271 mapMatch;21;T916_20150208_2241_2271 mapMatch21;;T386_20150212_1712_1767;mapMatch;00:01,4;00:05,0;345%;;;;;;;;;;;;;
T386_20150207_2302_2341;mapMatch;00:05,1;T386_20150207_2302_2341 mapMatch;22;T386_20150207_2302_2341 mapMatch22;;T386_20150212_1712_1767;mapMatch;00:01,4;00:04,6;329%;;;;;;;;;;;;;
T386_20150207_2793_2819;mapMatch;00:00,6;T386_20150207_2793_2819 mapMatch;22;T386_20150207_2793_2819 mapMatch22;;T386_20150212_1712_1767;mapMatch;00:17,4;00:14,3;82%;;;;;;;;;;;;;
T386_20150212_1389_1466;mapMatch;00:07,9;T386_20150212_1389_1466 mapMatch;22;T386_20150212_1389_1466 mapMatch22;;T386_20150212_1712_1767;mapMatch;00:04,3;00:02,5;59%;;;;;;;;;;;;;
T386_20150212_1712_1767;mapMatch;00:19,3;T386_20150212_1712_1767 mapMatch;22;T386_20150212_1712_1767 mapMatch22;;T386_20150212_1712_1767;mapMatch;00:01,4;00:05,9;410%;;;;;;;;;;;;;
T386_20150212_2640_2693;mapMatch;00:05,0;T386_20150212_2640_2693 mapMatch;22;T386_20150212_2640_2693 mapMatch22;;T386_20150212_1712_1767;mapMatch;00:05,2;00:06,5;124%;;;;;;;;;;;;;
T916_20150208_2161_2196;mapMatch;00:06,8;T916_20150208_2161_2196 mapMatch;22;T916_20150208_2161_2196 mapMatch22;;T386_20150212_1712_1767;mapMatch;00:01,4;00:04,6;318%;;;;;;;;;;;;;
T916_20150208_2241_2271;mapMatch;00:06,6;T916_20150208_2241_2271 mapMatch;22;T916_20150208_2241_2271 mapMatch22;;T386_20150212_1712_1767;mapMatch;00:01,9;00:05,2;270%;;;;;;;;;;;;;
T386_20150207_2302_2341;mapMatch;00:05,3;T386_20150207_2302_2341 mapMatch;23;T386_20150207_2302_2341 mapMatch23;;T386_20150212_1712_1767;mapMatch;00:05,8;00:07,5;130%;;;;;;;;;;;;;
T386_20150207_2793_2819;mapMatch;00:04,8;T386_20150207_2793_2819 mapMatch;23;T386_20150207_2793_2819 mapMatch23;;T386_20150212_1712_1767;mapMatch;00:01,4;00:04,7;327%;;;;;;;;;;;;;
T386_20150212_1389_1466;mapMatch;00:08,1;T386_20150212_1389_1466 mapMatch;23;T386_20150212_1389_1466 mapMatch23;;T386_20150212_1712_1767;mapMatch;00:01,4;00:04,6;327%;;;;;;;;;;;;;
T386_20150212_1712_1767;mapMatch;00:01,1;T386_20150212_1712_1767 mapMatch;23;T386_20150212_1712_1767 mapMatch23;;T386_20150212_1712_1767;mapMatch;00:20,7;00:15,3;74%;;;;;;;;;;;;;
T386_20150212_2640_2693;mapMatch;00:05,1;T386_20150212_2640_2693 mapMatch;23;T386_20150212_2640_2693 mapMatch23;;T386_20150212_1712_1767;mapMatch;00:04,9;00:02,8;57%;;;;;;;;;;;;;
T916_20150208_2161_2196;mapMatch;00:05,7;T916_20150208_2161_2196 mapMatch;23;T916_20150208_2161_2196 mapMatch23;;T386_20150212_1712_1767;mapMatch;00:01,0;00:00,6;54%;;;;;;;;;;;;;
T916_20150208_2241_2271;mapMatch;00:04,7;T916_20150208_2241_2271 mapMatch;23;T916_20150208_2241_2271 mapMatch23;;T386_20150212_1712_1767;mapMatch;00:10,8;00:13,3;123%;;;;;;;;;;;;;
T386_20150207_2302_2341;mapMatch;00:13,3;T386_20150207_2302_2341 mapMatch;24;T386_20150207_2302_2341 mapMatch24;;T386_20150212_1712_1767;mapMatch;00:00,5;00:00,6;123%;;;;;;;;;;;;;
T386_20150207_2793_2819;mapMatch;00:04,8;T386_20150207_2793_2819 mapMatch;24;T386_20150207_2793_2819 mapMatch24;;T386_20150212_1712_1767;mapMatch;00:01,4;00:05,8;417%;;;;;;;;;;;;;
T386_20150212_1389_1466;mapMatch;00:05,1;T386_20150212_1389_1466 mapMatch;24;T386_20150212_1389_1466 mapMatch24;;T386_20150212_1712_1767;mapMatch;00:02,1;00:15,7;748%;;;;;;;;;;;;;
T386_20150212_1712_1767;mapMatch;00:04,8;T386_20150212_1712_1767 mapMatch;24;T386_20150212_1712_1767 mapMatch24;;T386_20150212_1712_1767;mapMatch;00:01,4;00:03,0;212%;;;;;;;;;;;;;
T386_20150212_2640_2693;mapMatch;00:13,5;T386_20150212_2640_2693 mapMatch;24;T386_20150212_2640_2693 mapMatch24;;T386_20150212_1712_1767;mapMatch;00:01,4;00:04,5;321%;;;;;;;;;;;;;
T916_20150208_2161_2196;mapMatch;00:20,7;T916_20150208_2161_2196 mapMatch;24;T916_20150208_2161_2196 mapMatch24;;T386_20150212_1712_1767;mapMatch;00:02,8;00:05,6;204%;;;;;;;;;;;;;
T916_20150208_2241_2271;mapMatch;00:04,6;T916_20150208_2241_2271 mapMatch;24;T916_20150208_2241_2271 mapMatch24;;T386_20150212_1712_1767;mapMatch;00:05,9;00:08,4;143%;;;;;;;;;;;;;
T386_20150207_2302_2341;mapMatch;00:02,5;T386_20150207_2302_2341 mapMatch;25;T386_20150207_2302_2341 mapMatch25;;T386_20150212_1712_1767;mapMatch;00:01,4;00:04,5;323%;;;;;;;;;;;;;
T386_20150207_2793_2819;mapMatch;00:05,0;T386_20150207_2793_2819 mapMatch;25;T386_20150207_2793_2819 mapMatch25;;T386_20150212_1712_1767;mapMatch;00:01,4;00:04,5;325%;;;;;;;;;;;;;
T386_20150212_1389_1466;mapMatch;00:04,7;T386_20150212_1389_1466 mapMatch;25;T386_20150212_1389_1466 mapMatch25;;T386_20150212_1712_1767;mapMatch;00:01,4;00:04,5;322%;;;;;;;;;;;;;
T386_20150212_1712_1767;mapMatch;00:05,0;T386_20150212_1712_1767 mapMatch;25;T386_20150212_1712_1767 mapMatch25;;T386_20150212_1712_1767;mapMatch;00:01,4;00:04,5;316%;;;;;;;;;;;;;
T386_20150212_2640_2693;mapMatch;00:12,2;T386_20150212_2640_2693 mapMatch;25;T386_20150212_2640_2693 mapMatch25;;T386_20150212_1712_1767;mapMatch;00:01,4;00:04,5;320%;;;;;;;;;;;;;
T916_20150208_2161_2196;mapMatch;00:11,3;T916_20150208_2161_2196 mapMatch;25;T916_20150208_2161_2196 mapMatch25;;T386_20150212_1712_1767;mapMatch;00:01,9;00:05,1;262%;;;;;;;;;;;;;
T916_20150208_2241_2271;mapMatch;00:04,6;T916_20150208_2241_2271 mapMatch;25;T916_20150208_2241_2271 mapMatch25;;T386_20150212_1712_1767;mapMatch;00:01,4;00:04,7;336%;;;;;;;;;;;;;
T386_20150207_2302_2341;mapMatch;00:06,8;T386_20150207_2302_2341 mapMatch;26;T386_20150207_2302_2341 mapMatch26;;T386_20150212_1712_1767;mapMatch;00:02,5;00:05,7;230%;;;;;;;;;;;;;
T386_20150207_2793_2819;mapMatch;00:04,9;T386_20150207_2793_2819 mapMatch;26;T386_20150207_2793_2819 mapMatch26;;T386_20150212_2640_2693;mapMatch;00:00,9;00:04,7;533%;;;;;;;;;;;;;
T386_20150212_1389_1466;mapMatch;00:05,3;T386_20150212_1389_1466 mapMatch;26;T386_20150212_1389_1466 mapMatch26;;T386_20150212_2640_2693;mapMatch;00:03,9;00:06,1;155%;;;;;;;;;;;;;
T386_20150212_1712_1767;mapMatch;00:04,6;T386_20150212_1712_1767 mapMatch;26;T386_20150212_1712_1767 mapMatch26;;T386_20150212_2640_2693;mapMatch;00:08,8;00:15,2;173%;;;;;;;;;;;;;
T386_20150212_2640_2693;mapMatch;00:02,5;T386_20150212_2640_2693 mapMatch;26;T386_20150212_2640_2693 mapMatch26;;T386_20150212_2640_2693;mapMatch;00:03,8;00:03,4;91%;;;;;;;;;;;;;
T916_20150208_2161_2196;mapMatch;00:00,6;T916_20150208_2161_2196 mapMatch;26;T916_20150208_2161_2196 mapMatch26;;T386_20150212_2640_2693;mapMatch;00:01,4;00:05,2;361%;;;;;;;;;;;;;
T916_20150208_2241_2271;mapMatch;00:04,5;T916_20150208_2241_2271 mapMatch;26;T916_20150208_2241_2271 mapMatch26;;T386_20150212_2640_2693;mapMatch;00:04,1;00:07,6;186%;;;;;;;;;;;;;
T386_20150207_2302_2341;mapMatch;00:07,1;T386_20150207_2302_2341 mapMatch;27;T386_20150207_2302_2341 mapMatch27;;T386_20150212_2640_2693;mapMatch;00:01,4;00:04,6;326%;;;;;;;;;;;;;
T386_20150212_1389_1466;mapMatch;00:04,6;T386_20150212_1389_1466 mapMatch;27;T386_20150212_1389_1466 mapMatch27;;T386_20150212_2640_2693;mapMatch;00:05,4;00:12,1;222%;;;;;;;;;;;;;
T386_20150212_1712_1767;mapMatch;00:14,3;T386_20150212_1712_1767 mapMatch;27;T386_20150212_1712_1767 mapMatch27;;T386_20150212_2640_2693;mapMatch;00:02,2;00:02,3;105%;;;;;;;;;;;;;
T386_20150212_2640_2693;mapMatch;00:12,5;T386_20150212_2640_2693 mapMatch;27;T386_20150212_2640_2693 mapMatch27;;T386_20150212_2640_2693;mapMatch;00:01,5;00:04,7;323%;;;;;;;;;;;;;
T916_20150208_2161_2196;mapMatch;00:05,1;T916_20150208_2161_2196 mapMatch;27;T916_20150208_2161_2196 mapMatch27;;T386_20150212_2640_2693;mapMatch;00:08,7;00:13,5;157%;;;;;;;;;;;;;
T916_20150208_2241_2271;mapMatch;00:06,3;T916_20150208_2241_2271 mapMatch;27;T916_20150208_2241_2271 mapMatch27;;T386_20150212_2640_2693;mapMatch;00:05,3;00:02,4;46%;;;;;;;;;;;;;
T386_20150207_2302_2341;mapMatch;00:04,7;T386_20150207_2302_2341 mapMatch;28;T386_20150207_2302_2341 mapMatch28;;T386_20150212_2640_2693;mapMatch;00:15,8;00:14,4;91%;;;;;;;;;;;;;
T386_20150212_1389_1466;mapMatch;00:04,8;T386_20150212_1389_1466 mapMatch;28;T386_20150212_1389_1466 mapMatch28;;T386_20150212_2640_2693;mapMatch;00:00,5;00:00,6;107%;;;;;;;;;;;;;
T386_20150212_1712_1767;mapMatch;00:02,5;T386_20150212_1712_1767 mapMatch;28;T386_20150212_1712_1767 mapMatch28;;T386_20150212_2640_2693;mapMatch;00:01,4;00:05,9;411%;;;;;;;;;;;;;
T386_20150212_2640_2693;mapMatch;00:02,4;T386_20150212_2640_2693 mapMatch;28;T386_20150212_2640_2693 mapMatch28;;T386_20150212_2640_2693;mapMatch;00:01,4;00:05,8;409%;;;;;;;;;;;;;
T916_20150208_2161_2196;mapMatch;00:08,7;T916_20150208_2161_2196 mapMatch;28;T916_20150208_2161_2196 mapMatch28;;T386_20150212_2640_2693;mapMatch;00:01,4;00:05,6;395%;;;;;;;;;;;;;
T916_20150208_2241_2271;mapMatch;00:13,5;T916_20150208_2241_2271 mapMatch;28;T916_20150208_2241_2271 mapMatch28;;T386_20150212_2640_2693;mapMatch;00:01,9;00:15,6;801%;;;;;;;;;;;;;
T386_20150207_2302_2341;mapMatch;00:05,1;T386_20150207_2302_2341 mapMatch;29;T386_20150207_2302_2341 mapMatch29;;T386_20150212_2640_2693;mapMatch;00:01,4;00:00,9;65%;;;;;;;;;;;;;
T386_20150212_1389_1466;mapMatch;00:05,2;T386_20150212_1389_1466 mapMatch;29;T386_20150212_1389_1466 mapMatch29;;T386_20150212_2640_2693;mapMatch;00:01,5;00:05,1;353%;;;;;;;;;;;;;
T386_20150212_1712_1767;mapMatch;00:05,9;T386_20150212_1712_1767 mapMatch;29;T386_20150212_1712_1767 mapMatch29;;T386_20150212_2640_2693;mapMatch;00:03,0;00:06,8;225%;;;;;;;;;;;;;
T386_20150212_2640_2693;mapMatch;00:16,3;T386_20150212_2640_2693 mapMatch;29;T386_20150212_2640_2693 mapMatch29;;T386_20150212_2640_2693;mapMatch;00:01,4;00:05,0;355%;;;;;;;;;;;;;
T916_20150208_2161_2196;mapMatch;00:05,9;T916_20150208_2161_2196 mapMatch;29;T916_20150208_2161_2196 mapMatch29;;T386_20150212_2640_2693;mapMatch;00:01,4;00:05,1;359%;;;;;;;;;;;;;
T916_20150208_2241_2271;mapMatch;00:00,5;T916_20150208_2241_2271 mapMatch;29;T916_20150208_2241_2271 mapMatch29;;T386_20150212_2640_2693;mapMatch;00:10,7;00:13,5;126%;;;;;;;;;;;;;
T386_20150207_2302_2341;mapMatch;00:05,3;T386_20150207_2302_2341 mapMatch;30;T386_20150207_2302_2341 mapMatch30;;T386_20150212_2640_2693;mapMatch;00:16,0;00:12,2;76%;;;;;;;;;;;;;
T386_20150212_1389_1466;mapMatch;00:15,4;T386_20150212_1389_1466 mapMatch;30;T386_20150212_1389_1466 mapMatch30;;T386_20150212_2640_2693;mapMatch;00:04,4;00:02,5;55%;;;;;;;;;;;;;
T386_20150212_1712_1767;mapMatch;00:06,5;T386_20150212_1712_1767 mapMatch;30;T386_20150212_1712_1767 mapMatch30;;T386_20150212_2640_2693;mapMatch;00:02,0;00:12,5;634%;;;;;;;;;;;;;
T386_20150212_2640_2693;mapMatch;00:16,3;T386_20150212_2640_2693 mapMatch;30;T386_20150212_2640_2693 mapMatch30;;T386_20150212_2640_2693;mapMatch;00:02,1;00:02,4;110%;;;;;;;;;;;;;
T916_20150208_2161_2196;mapMatch;00:05,2;T916_20150208_2161_2196 mapMatch;30;T916_20150208_2161_2196 mapMatch30;;T386_20150212_2640_2693;mapMatch;00:23,6;00:16,3;69%;;;;;;;;;;;;;
T916_20150208_2241_2271;mapMatch;00:04,6;T916_20150208_2241_2271 mapMatch;30;T916_20150208_2241_2271 mapMatch30;;T386_20150212_2640_2693;mapMatch;00:26,3;00:16,3;62%;;;;;;;;;;;;;
T386_20150207_2302_2341;mapMatch;00:05,4;T386_20150207_2302_2341 mapMatch;31;T386_20150207_2302_2341 mapMatch31;;T386_20150212_2640_2693;mapMatch;00:00,5;00:00,6;109%;;;;;;;;;;;;;
T386_20150212_1389_1466;mapMatch;00:12,5;T386_20150212_1389_1466 mapMatch;31;T386_20150212_1389_1466 mapMatch31;;T386_20150212_2640_2693;mapMatch;00:00,5;00:00,5;99%;;;;;;;;;;;;;
T386_20150212_1712_1767;mapMatch;00:04,6;T386_20150212_1712_1767 mapMatch;31;T386_20150212_1712_1767 mapMatch31;;T386_20150212_2640_2693;mapMatch;00:01,6;00:04,6;284%;;;;;;;;;;;;;
T386_20150212_2640_2693;mapMatch;00:00,6;T386_20150212_2640_2693 mapMatch;31;T386_20150212_2640_2693 mapMatch31;;T386_20150212_2640_2693;mapMatch;00:01,9;00:04,9;254%;;;;;;;;;;;;;
T916_20150208_2161_2196;mapMatch;00:12,6;T916_20150208_2161_2196 mapMatch;31;T916_20150208_2161_2196 mapMatch31;;T386_20150212_2640_2693;mapMatch;00:01,8;00:04,6;258%;;;;;;;;;;;;;
T386_20150207_2302_2341;mapMatch;00:07,2;T386_20150207_2302_2341 mapMatch;32;T386_20150207_2302_2341 mapMatch32;;T386_20150212_2640_2693;mapMatch;00:07,1;00:16,7;233%;;;;;;;;;;;;;
T386_20150212_1389_1466;mapMatch;00:16,1;T386_20150212_1389_1466 mapMatch;32;T386_20150212_1389_1466 mapMatch32;;T386_20150212_2640_2693;mapMatch;00:00,6;00:00,6;94%;;;;;;;;;;;;;
T386_20150212_1712_1767;mapMatch;00:05,2;T386_20150212_1712_1767 mapMatch;32;T386_20150212_1712_1767 mapMatch32;;T386_20150212_2640_2693;mapMatch;00:01,5;00:05,0;336%;;;;;;;;;;;;;
T386_20150212_2640_2693;mapMatch;00:00,5;T386_20150212_2640_2693 mapMatch;32;T386_20150212_2640_2693 mapMatch32;;T386_20150212_2640_2693;mapMatch;00:01,4;00:15,0;1054%;;;;;;;;;;;;;
T386_20150207_2302_2341;mapMatch;00:05,0;T386_20150207_2302_2341 mapMatch;33;T386_20150207_2302_2341 mapMatch33;;T386_20150212_2640_2693;mapMatch;00:01,4;00:00,6;40%;;;;;;;;;;;;;
T386_20150212_1389_1466;mapMatch;00:00,7;T386_20150212_1389_1466 mapMatch;33;T386_20150212_1389_1466 mapMatch33;;T386_20150212_2640_2693;mapMatch;00:03,3;00:07,0;208%;;;;;;;;;;;;;
T386_20150212_1712_1767;mapMatch;00:07,5;T386_20150212_1712_1767 mapMatch;33;T386_20150212_1712_1767 mapMatch33;;T386_20150212_2640_2693;mapMatch;00:05,5;00:08,4;153%;;;;;;;;;;;;;
T386_20150212_2640_2693;mapMatch;00:04,6;T386_20150212_2640_2693 mapMatch;33;T386_20150212_2640_2693 mapMatch33;;T386_20150212_2640_2693;mapMatch;00:01,4;00:05,7;391%;;;;;;;;;;;;;
T386_20150207_2302_2341;mapMatch;00:05,1;T386_20150207_2302_2341 mapMatch;34;T386_20150207_2302_2341 mapMatch34;;T386_20150212_2640_2693;mapMatch;00:24,2;00:25,9;107%;;;;;;;;;;;;;
T386_20150212_1389_1466;mapMatch;00:00,7;T386_20150212_1389_1466 mapMatch;34;T386_20150212_1389_1466 mapMatch34;;T386_20150212_2640_2693;mapMatch;00:20,9;00:03,5;17%;;;;;;;;;;;;;
T386_20150212_1712_1767;mapMatch;00:04,7;T386_20150212_1712_1767 mapMatch;34;T386_20150212_1712_1767 mapMatch34;;T386_20150212_2640_2693;mapMatch;00:17,0;00:14,2;84%;;;;;;;;;;;;;
T386_20150212_2640_2693;mapMatch;00:04,9;T386_20150212_2640_2693 mapMatch;34;T386_20150212_2640_2693 mapMatch34;;T386_20150212_2640_2693;mapMatch;00:00,6;00:00,6;102%;;;;;;;;;;;;;
T386_20150207_2302_2341;mapMatch;00:06,8;T386_20150207_2302_2341 mapMatch;35;T386_20150207_2302_2341 mapMatch35;;T386_20150212_2640_2693;mapMatch;00:01,5;00:04,6;313%;;;;;;;;;;;;;
T386_20150212_1389_1466;mapMatch;00:13,6;T386_20150212_1389_1466 mapMatch;35;T386_20150212_1389_1466 mapMatch35;;T386_20150212_2640_2693;mapMatch;00:01,7;00:04,6;273%;;;;;;;;;;;;;
T386_20150212_1712_1767;mapMatch;00:04,6;T386_20150212_1712_1767 mapMatch;35;T386_20150212_1712_1767 mapMatch35;;T386_20150212_2640_2693;mapMatch;00:01,4;00:04,8;337%;;;;;;;;;;;;;
T386_20150212_2640_2693;mapMatch;00:04,6;T386_20150212_2640_2693 mapMatch;35;T386_20150212_2640_2693 mapMatch35;;T386_20150212_2640_2693;mapMatch;00:01,4;00:04,7;329%;;;;;;;;;;;;;
T386_20150207_2302_2341;mapMatch;00:05,2;T386_20150207_2302_2341 mapMatch;36;T386_20150207_2302_2341 mapMatch36;;T386_20150212_2640_2693;mapMatch;00:01,7;00:04,6;277%;;;;;;;;;;;;;
T386_20150212_1389_1466;mapMatch;00:15,9;T386_20150212_1389_1466 mapMatch;36;T386_20150212_1389_1466 mapMatch36;;T386_20150212_2640_2693;mapMatch;00:01,5;00:04,6;311%;;;;;;;;;;;;;
T386_20150212_1712_1767;mapMatch;00:15,3;T386_20150212_1712_1767 mapMatch;36;T386_20150212_1712_1767 mapMatch36;;T916_20150207_2161_2181;mapMatch;00:02,0;00:04,8;245%;;;;;;;;;;;;;
T386_20150212_2640_2693;mapMatch;00:16,7;T386_20150212_2640_2693 mapMatch;36;T386_20150212_2640_2693 mapMatch36;;T916_20150207_2161_2181;mapMatch;00:02,3;00:04,5;195%;;;;;;;;;;;;;
T386_20150207_2302_2341;mapMatch;00:14,6;T386_20150207_2302_2341 mapMatch;37;T386_20150207_2302_2341 mapMatch37;;T916_20150207_2161_2181;mapMatch;00:02,4;00:04,7;194%;;;;;;;;;;;;;
T386_20150212_1389_1466;mapMatch;00:00,6;T386_20150212_1389_1466 mapMatch;37;T386_20150212_1389_1466 mapMatch37;;T916_20150207_2161_2181;mapMatch;00:04,7;00:20,8;442%;;;;;;;;;;;;;
T386_20150212_1712_1767;mapMatch;00:02,8;T386_20150212_1712_1767 mapMatch;37;T386_20150212_1712_1767 mapMatch37;;T916_20150207_2161_2181;mapMatch;00:10,4;00:03,6;34%;;;;;;;;;;;;;
T386_20150212_2640_2693;mapMatch;00:00,6;T386_20150212_2640_2693 mapMatch;37;T386_20150212_2640_2693 mapMatch37;;T916_20150207_2161_2181;mapMatch;00:02,0;00:00,6;28%;;;;;;;;;;;;;
T386_20150207_2302_2341;mapMatch;00:00,6;T386_20150207_2302_2341 mapMatch;38;T386_20150207_2302_2341 mapMatch38;;T916_20150207_2161_2181;mapMatch;00:09,1;00:14,8;162%;;;;;;;;;;;;;
T386_20150212_1389_1466;mapMatch;00:03,4;T386_20150212_1389_1466 mapMatch;38;T386_20150212_1389_1466 mapMatch38;;T916_20150207_2161_2181;mapMatch;00:22,9;00:20,1;88%;;;;;;;;;;;;;
T386_20150212_1712_1767;mapMatch;00:00,6;T386_20150212_1712_1767 mapMatch;38;T386_20150212_1712_1767 mapMatch38;;T916_20150207_2161_2181;mapMatch;00:21,1;00:11,2;53%;;;;;;;;;;;;;
T386_20150212_2640_2693;mapMatch;00:05,0;T386_20150212_2640_2693 mapMatch;38;T386_20150212_2640_2693 mapMatch38;;T916_20150207_2161_2181;mapMatch;00:10,1;00:04,1;41%;;;;;;;;;;;;;
T386_20150207_2302_2341;mapMatch;00:05,5;T386_20150207_2302_2341 mapMatch;39;T386_20150207_2302_2341 mapMatch39;;T916_20150207_2161_2181;mapMatch;00:33,2;00:25,7;77%;;;;;;;;;;;;;
T386_20150212_1389_1466;mapMatch;00:13,2;T386_20150212_1389_1466 mapMatch;39;T386_20150212_1389_1466 mapMatch39;;T916_20150207_2161_2181;mapMatch;00:38,2;00:20,3;53%;;;;;;;;;;;;;
T386_20150212_1712_1767;mapMatch;00:13,3;T386_20150212_1712_1767 mapMatch;39;T386_20150212_1712_1767 mapMatch39;;T916_20150207_2161_2181;mapMatch;00:00,5;00:00,6;120%;;;;;;;;;;;;;
T386_20150212_2640_2693;mapMatch;00:15,0;T386_20150212_2640_2693 mapMatch;39;T386_20150212_2640_2693 mapMatch39;;T916_20150207_2161_2181;mapMatch;00:00,5;00:00,6;116%;;;;;;;;;;;;;
T386_20150212_1389_1466;mapMatch;00:11,9;T386_20150212_1389_1466 mapMatch;40;T386_20150212_1389_1466 mapMatch40;;T916_20150207_2161_2181;mapMatch;00:10,0;00:09,8;98%;;;;;;;;;;;;;
T386_20150212_1712_1767;mapMatch;00:00,6;T386_20150212_1712_1767 mapMatch;40;T386_20150212_1712_1767 mapMatch40;;T916_20150207_2161_2181;mapMatch;00:01,4;00:05,1;359%;;;;;;;;;;;;;
T386_20150212_2640_2693;mapMatch;00:00,6;T386_20150212_2640_2693 mapMatch;40;T386_20150212_2640_2693 mapMatch40;;T916_20150207_2161_2181;mapMatch;00:07,8;00:07,4;96%;;;;;;;;;;;;;
T386_20150212_1389_1466;mapMatch;00:09,1;T386_20150212_1389_1466 mapMatch;41;T386_20150212_1389_1466 mapMatch41;;T916_20150207_2161_2181;mapMatch;00:18,1;00:13,6;75%;;;;;;;;;;;;;
T386_20150212_1712_1767;mapMatch;00:05,8;T386_20150212_1712_1767 mapMatch;41;T386_20150212_1712_1767 mapMatch41;;T916_20150207_2161_2181;mapMatch;00:00,6;00:00,6;101%;;;;;;;;;;;;;
T386_20150212_2640_2693;mapMatch;00:07,0;T386_20150212_2640_2693 mapMatch;41;T386_20150212_2640_2693 mapMatch41;;T916_20150207_2161_2181;mapMatch;00:01,4;00:04,7;335%;;;;;;;;;;;;;
T386_20150212_1389_1466;mapMatch;00:14,5;T386_20150212_1389_1466 mapMatch;42;T386_20150212_1389_1466 mapMatch42;;T916_20150208_2161_2196;mapMatch;00:01,4;00:05,0;350%;;;;;;;;;;;;;
T386_20150212_1712_1767;mapMatch;00:15,7;T386_20150212_1712_1767 mapMatch;42;T386_20150212_1712_1767 mapMatch42;;T916_20150208_2161_2196;mapMatch;00:01,6;00:04,8;310%;;;;;;;;;;;;;
T386_20150212_2640_2693;mapMatch;00:08,4;T386_20150212_2640_2693 mapMatch;42;T386_20150212_2640_2693 mapMatch42;;T916_20150208_2161_2196;mapMatch;00:01,5;00:04,8;329%;;;;;;;;;;;;;
T386_20150212_1389_1466;mapMatch;00:12,2;T386_20150212_1389_1466 mapMatch;43;T386_20150212_1389_1466 mapMatch43;;T916_20150208_2161_2196;mapMatch;00:01,4;00:04,7;328%;;;;;;;;;;;;;
T386_20150212_1712_1767;mapMatch;00:03,0;T386_20150212_1712_1767 mapMatch;43;T386_20150212_1712_1767 mapMatch43;;T916_20150208_2161_2196;mapMatch;00:01,4;00:04,7;330%;;;;;;;;;;;;;
T386_20150212_2640_2693;mapMatch;00:05,7;T386_20150212_2640_2693 mapMatch;43;T386_20150212_2640_2693 mapMatch43;;T916_20150208_2161_2196;mapMatch;00:24,7;00:13,7;55%;;;;;;;;;;;;;
T386_20150212_1389_1466;mapMatch;00:06,8;T386_20150212_1389_1466 mapMatch;44;T386_20150212_1389_1466 mapMatch44;;T916_20150208_2161_2196;mapMatch;00:01,6;00:01,0;64%;;;;;;;;;;;;;
T386_20150212_1712_1767;mapMatch;00:04,5;T386_20150212_1712_1767 mapMatch;44;T386_20150212_1712_1767 mapMatch44;;T916_20150208_2161_2196;mapMatch;00:12,3;00:13,2;107%;;;;;;;;;;;;;
T386_20150212_2640_2693;mapMatch;00:25,9;T386_20150212_2640_2693 mapMatch;44;T386_20150212_2640_2693 mapMatch44;;T916_20150208_2161_2196;mapMatch;00:03,9;00:02,4;62%;;;;;;;;;;;;;
T386_20150212_1389_1466;mapMatch;00:03,6;T386_20150212_1389_1466 mapMatch;45;T386_20150212_1389_1466 mapMatch45;;T916_20150208_2161_2196;mapMatch;00:01,4;00:05,3;369%;;;;;;;;;;;;;
T386_20150212_1712_1767;mapMatch;00:05,6;T386_20150212_1712_1767 mapMatch;45;T386_20150212_1712_1767 mapMatch45;;T916_20150208_2161_2196;mapMatch;00:01,9;00:06,0;315%;;;;;;;;;;;;;
T386_20150212_2640_2693;mapMatch;00:03,5;T386_20150212_2640_2693 mapMatch;45;T386_20150212_2640_2693 mapMatch45;;T916_20150208_2161_2196;mapMatch;00:05,2;00:08,2;157%;;;;;;;;;;;;;
T386_20150212_1389_1466;mapMatch;00:15,8;T386_20150212_1389_1466 mapMatch;46;T386_20150212_1389_1466 mapMatch46;;T916_20150208_2161_2196;mapMatch;00:01,4;00:04,8;341%;;;;;;;;;;;;;
T386_20150212_1712_1767;mapMatch;00:08,4;T386_20150212_1712_1767 mapMatch;46;T386_20150212_1712_1767 mapMatch46;;T916_20150208_2161_2196;mapMatch;00:01,4;00:04,6;326%;;;;;;;;;;;;;
T386_20150212_2640_2693;mapMatch;00:14,2;T386_20150212_2640_2693 mapMatch;46;T386_20150212_2640_2693 mapMatch46;;T916_20150208_2161_2196;mapMatch;00:01,4;00:04,9;346%;;;;;;;;;;;;;
T386_20150212_1389_1466;mapMatch;00:00,6;T386_20150212_1389_1466 mapMatch;47;T386_20150212_1389_1466 mapMatch47;;T916_20150208_2161_2196;mapMatch;00:01,4;00:04,8;340%;;;;;;;;;;;;;
T386_20150212_1712_1767;mapMatch;00:04,5;T386_20150212_1712_1767 mapMatch;47;T386_20150212_1712_1767 mapMatch47;;T916_20150208_2161_2196;mapMatch;00:01,5;00:04,8;320%;;;;;;;;;;;;;
T386_20150212_2640_2693;mapMatch;00:00,6;T386_20150212_2640_2693 mapMatch;47;T386_20150212_2640_2693 mapMatch47;;T916_20150208_2161_2196;mapMatch;00:02,1;00:04,6;218%;;;;;;;;;;;;;
T386_20150212_1389_1466;mapMatch;00:15,9;T386_20150212_1389_1466 mapMatch;48;T386_20150212_1389_1466 mapMatch48;;T916_20150208_2161_2196;mapMatch;00:07,4;00:07,8;106%;;;;;;;;;;;;;
T386_20150212_1712_1767;mapMatch;00:04,5;T386_20150212_1712_1767 mapMatch;48;T386_20150212_1712_1767 mapMatch48;;T916_20150208_2161_2196;mapMatch;00:02,0;00:05,4;278%;;;;;;;;;;;;;
T386_20150212_2640_2693;mapMatch;00:04,6;T386_20150212_2640_2693 mapMatch;48;T386_20150212_2640_2693 mapMatch48;;T916_20150208_2161_2196;mapMatch;00:01,4;00:05,3;378%;;;;;;;;;;;;;
T386_20150212_1389_1466;mapMatch;00:00,7;T386_20150212_1389_1466 mapMatch;49;T386_20150212_1389_1466 mapMatch49;;T916_20150208_2161_2196;mapMatch;00:01,9;00:06,8;360%;;;;;;;;;;;;;
T386_20150212_1712_1767;mapMatch;00:04,5;T386_20150212_1712_1767 mapMatch;49;T386_20150212_1712_1767 mapMatch49;;T916_20150208_2161_2196;mapMatch;00:02,5;00:05,7;227%;;;;;;;;;;;;;
T386_20150212_2640_2693;mapMatch;00:04,6;T386_20150212_2640_2693 mapMatch;49;T386_20150212_2640_2693 mapMatch49;;T916_20150208_2161_2196;mapMatch;00:14,3;00:20,7;144%;;;;;;;;;;;;;
T386_20150212_1389_1466;mapMatch;00:23,3;T386_20150212_1389_1466 mapMatch;50;T386_20150212_1389_1466 mapMatch50;;T916_20150208_2161_2196;mapMatch;00:10,0;00:11,3;113%;;;;;;;;;;;;;
T386_20150212_1712_1767;mapMatch;00:04,5;T386_20150212_1712_1767 mapMatch;50;T386_20150212_1712_1767 mapMatch50;;T916_20150208_2161_2196;mapMatch;00:00,5;00:00,6;111%;;;;;;;;;;;;;
T386_20150212_2640_2693;mapMatch;00:04,8;T386_20150212_2640_2693 mapMatch;50;T386_20150212_2640_2693 mapMatch50;;T916_20150208_2161_2196;mapMatch;00:01,4;00:05,1;358%;;;;;;;;;;;;;
T386_20150212_1389_1466;mapMatch;00:02,3;T386_20150212_1389_1466 mapMatch;51;T386_20150212_1389_1466 mapMatch51;;T916_20150208_2161_2196;mapMatch;00:05,4;00:08,7;160%;;;;;;;;;;;;;
T386_20150212_1712_1767;mapMatch;00:04,5;T386_20150212_1712_1767 mapMatch;51;T386_20150212_1712_1767 mapMatch51;;T916_20150208_2161_2196;mapMatch;00:01,4;00:05,9;425%;;;;;;;;;;;;;
T386_20150212_2640_2693;mapMatch;00:04,7;T386_20150212_2640_2693 mapMatch;51;T386_20150212_2640_2693 mapMatch51;;T916_20150208_2161_2196;mapMatch;00:01,4;00:05,2;372%;;;;;;;;;;;;;
T386_20150212_1389_1466;mapMatch;00:09,9;T386_20150212_1389_1466 mapMatch;52;T386_20150212_1389_1466 mapMatch52;;T916_20150208_2161_2196;mapMatch;00:12,5;00:12,6;101%;;;;;;;;;;;;;
T386_20150212_1712_1767;mapMatch;00:05,1;T386_20150212_1712_1767 mapMatch;52;T386_20150212_1712_1767 mapMatch52;;T916_20150208_2241_2271;mapMatch;00:01,4;00:04,6;326%;;;;;;;;;;;;;
T386_20150212_2640_2693;mapMatch;00:04,6;T386_20150212_2640_2693 mapMatch;52;T386_20150212_2640_2693 mapMatch52;;T916_20150208_2241_2271;mapMatch;00:05,4;00:10,5;192%;;;;;;;;;;;;;
T386_20150212_1389_1466;mapMatch;00:00,6;T386_20150212_1389_1466 mapMatch;53;T386_20150212_1389_1466 mapMatch53;;T916_20150208_2241_2271;mapMatch;00:12,6;00:16,5;131%;;;;;;;;;;;;;
T386_20150212_1712_1767;mapMatch;00:04,7;T386_20150212_1712_1767 mapMatch;53;T386_20150212_1712_1767 mapMatch53;;T916_20150208_2241_2271;mapMatch;00:08,4;00:02,5;30%;;;;;;;;;;;;;
T386_20150212_2640_2693;mapMatch;00:04,6;T386_20150212_2640_2693 mapMatch;53;T386_20150212_2640_2693 mapMatch53;;T916_20150208_2241_2271;mapMatch;00:09,4;00:02,3;25%;;;;;;;;;;;;;
T386_20150212_1389_1466;mapMatch;00:05,1;T386_20150212_1389_1466 mapMatch;54;T386_20150212_1389_1466 mapMatch54;;T916_20150208_2241_2271;mapMatch;00:01,4;00:05,4;385%;;;;;;;;;;;;;
T386_20150212_1712_1767;mapMatch;00:05,7;T386_20150212_1712_1767 mapMatch;54;T386_20150212_1712_1767 mapMatch54;;T916_20150208_2241_2271;mapMatch;00:01,7;00:05,5;318%;;;;;;;;;;;;;
T386_20150212_1389_1466;mapMatch;00:04,9;T386_20150212_1389_1466 mapMatch;55;T386_20150212_1389_1466 mapMatch55;;T916_20150208_2241_2271;mapMatch;00:06,3;00:07,3;115%;;;;;;;;;;;;;
T386_20150212_1389_1466;mapMatch;00:04,8;T386_20150212_1389_1466 mapMatch;56;T386_20150212_1389_1466 mapMatch56;;T916_20150208_2241_2271;mapMatch;00:02,6;00:18,8;718%;;;;;;;;;;;;;
T386_20150212_1389_1466;mapMatch;00:04,8;T386_20150212_1389_1466 mapMatch;57;T386_20150212_1389_1466 mapMatch57;;T916_20150208_2241_2271;mapMatch;00:05,4;00:02,5;47%;;;;;;;;;;;;;
T386_20150212_1389_1466;mapMatch;00:15,8;T386_20150212_1389_1466 mapMatch;58;T386_20150212_1389_1466 mapMatch58;;T916_20150208_2241_2271;mapMatch;00:01,4;00:05,0;351%;;;;;;;;;;;;;
T386_20150212_1389_1466;mapMatch;00:00,6;T386_20150212_1389_1466 mapMatch;59;T386_20150212_1389_1466 mapMatch59;;T916_20150208_2241_2271;mapMatch;00:08,0;00:06,9;86%;;;;;;;;;;;;;
T386_20150212_1389_1466;mapMatch;00:28,8;T386_20150212_1389_1466 mapMatch;60;T386_20150212_1389_1466 mapMatch60;;T916_20150208_2241_2271;mapMatch;00:01,5;00:05,6;384%;;;;;;;;;;;;;
T386_20150212_1389_1466;mapMatch;00:18,4;T386_20150212_1389_1466 mapMatch;61;T386_20150212_1389_1466 mapMatch61;;T916_20150208_2241_2271;mapMatch;00:01,5;00:05,4;364%;;;;;;;;;;;;;
T386_20150212_1389_1466;mapMatch;00:01,2;T386_20150212_1389_1466 mapMatch;62;T386_20150212_1389_1466 mapMatch62;;T916_20150208_2241_2271;mapMatch;00:01,8;00:05,0;281%;;;;;;;;;;;;;
T386_20150212_1389_1466;mapMatch;00:00,6;T386_20150212_1389_1466 mapMatch;63;T386_20150212_1389_1466 mapMatch63;;T916_20150208_2241_2271;mapMatch;00:01,6;00:05,2;325%;;;;;;;;;;;;;
T386_20150212_1389_1466;mapMatch;00:04,6;T386_20150212_1389_1466 mapMatch;64;T386_20150212_1389_1466 mapMatch64;;T916_20150208_2241_2271;mapMatch;00:01,5;00:05,4;358%;;;;;;;;;;;;;
T386_20150212_1389_1466;mapMatch;00:04,7;T386_20150212_1389_1466 mapMatch;65;T386_20150212_1389_1466 mapMatch65;;T916_20150208_2241_2271;mapMatch;00:04,3;00:07,9;185%;;;;;;;;;;;;;
T386_20150212_1389_1466;mapMatch;00:04,9;T386_20150212_1389_1466 mapMatch;66;T386_20150212_1389_1466 mapMatch66;;T916_20150208_2241_2271;mapMatch;00:01,5;00:05,0;339%;;;;;;;;;;;;;
T386_20150212_1389_1466;mapMatch;00:04,6;T386_20150212_1389_1466 mapMatch;67;T386_20150212_1389_1466 mapMatch67;;T916_20150208_2241_2271;mapMatch;00:01,4;00:04,8;329%;;;;;;;;;;;;;
T386_20150212_1389_1466;mapMatch;00:05,3;T386_20150212_1389_1466 mapMatch;68;T386_20150212_1389_1466 mapMatch68;;T916_20150208_2241_2271;mapMatch;00:01,5;00:05,3;346%;;;;;;;;;;;;;
T386_20150212_1389_1466;mapMatch;00:04,9;T386_20150212_1389_1466 mapMatch;69;T386_20150212_1389_1466 mapMatch69;;T916_20150208_2241_2271;mapMatch;00:07,2;00:06,6;92%;;;;;;;;;;;;;
T386_20150212_1389_1466;mapMatch;00:05,1;T386_20150212_1389_1466 mapMatch;70;T386_20150212_1389_1466 mapMatch70;;T916_20150208_2241_2271;mapMatch;00:01,5;00:04,7;319%;;;;;;;;;;;;;
T386_20150212_1389_1466;mapMatch;00:05,2;T386_20150212_1389_1466 mapMatch;71;T386_20150212_1389_1466 mapMatch71;;T916_20150208_2241_2271;mapMatch;00:01,4;00:04,6;323%;;;;;;;;;;;;;
T386_20150212_1389_1466;mapMatch;00:13,0;T386_20150212_1389_1466 mapMatch;72;T386_20150212_1389_1466 mapMatch72;;T916_20150208_2241_2271;mapMatch;00:01,4;00:04,6;318%;;;;;;;;;;;;;
T386_20150212_1389_1466;mapMatch;00:10,8;T386_20150212_1389_1466 mapMatch;73;T386_20150212_1389_1466 mapMatch73;;T916_20150208_2241_2271;mapMatch;00:01,5;00:04,5;310%;;;;;;;;;;;;;
T386_20150212_1389_1466;mapMatch;00:00,6;T386_20150212_1389_1466 mapMatch;74;T386_20150212_1389_1466 mapMatch74;;T916_20150208_2241_2271;mapMatch;00:07,8;00:06,3;81%;;;;;;;;;;;;;
T386_20150212_1389_1466;mapMatch;00:05,5;T386_20150212_1389_1466 mapMatch;75;T386_20150212_1389_1466 mapMatch75;;T916_20150208_2241_2271;mapMatch;00:19,2;00:13,5;71%;;;;;;;;;;;;;
T386_20150212_1389_1466;mapMatch;00:05,5;T386_20150212_1389_1466 mapMatch;76;T386_20150212_1389_1466 mapMatch76;;T916_20150208_2241_2271;mapMatch;00:00,5;00:00,5;101%;;;;;;;;;;;;;
T386_20150212_1389_1466;mapMatch;00:05,5;T386_20150212_1389_1466 mapMatch;77;T386_20150212_1389_1466 mapMatch77;;T916_20150208_2241_2271;mapMatch;00:01,5;00:04,6;312%;;;;;;;;;;;;;
;;;;;;;;;;;;;;;;;;;;;;;;
;;;;;;;;;;;;;;;;;;;;;;;;
;;;;;;;;;;;;;;;;;;;;;;;;
;;;;;;;;;;;;;;;;;;;;;;;;
;;;;;;;;;;;;;;;;;;;;;;;;
;;;;;;;;;;;;;;;;;;;;;;;;
;;;;;;;;;;;;;;;;;;;;;;;;
;;;;;;;;;;;;;;;;;;;;;;;;
;;;;;;;;;;;;;;;;;;;;;;;;
;;;;;;;;;;;;;;;;;;;;;;;;
;;;;;;;;;;;;;;;;;;;;;;;;
;;;;;;;;;;;;;;;;;;;;;;;;
;;;;;;;;;;;;;;;;;;;;;;;;
;;;;;;;;;;;;;;;;;;;;;;;;
;;;;;;;;;;;;;;;;;;;;;;;;
;;;;;;;;;;;;;;;;;;;;;;;;
;;;;;;;;;;;;;;;;;;;;;;;;
